Workbook

Sheet 요약
A1: Active 운용 5,000억 — 시험 포트폴리오 (가상)
A2: 가상 설정 · 진입 2026-10-20 · 실존 상품만 · 실제 조직·계획·보유와 무관, 투자·매매 지시 아님
A4: 자산별
A5: 자산 | B5: 운용 규모(가정, 억원) | C5: 편입 롱 금액(억원) | D5: 숏·헤지 금액(억원) | E5: 모든 포지션 목표 도달 시(억원) | F5: 모든 포지션 손절 시(억원)
A6: 주식 | B6: 2000 | C6: =SUMIFS(포지션!$F$5:$F$20,포지션!$B$5:$B$20,"주식") | D6: =SUMIFS(포지션!$G$5:$G$20,포지션!$B$5:$B$20,"주식") | E6: =SUMIFS(포지션!$M$5:$M$20,포지션!$B$5:$B$20,"주식") | F6: =SUMIFS(포지션!$N$5:$N$20,포지션!$B$5:$B$20,"주식")
A7: 채권 | B7: 3000 | C7: =SUMIFS(포지션!$F$5:$F$20,포지션!$B$5:$B$20,"채권") | D7: =SUMIFS(포지션!$G$5:$G$20,포지션!$B$5:$B$20,"채권") | E7: =SUMIFS(포지션!$M$5:$M$20,포지션!$B$5:$B$20,"채권") | F7: =SUMIFS(포지션!$N$5:$N$20,포지션!$B$5:$B$20,"채권")
A8: 환 (오버레이 한도, 명목) | B8: 1000 | C8: =SUMIFS(포지션!$F$5:$F$20,포지션!$B$5:$B$20,"환") | D8: =SUMIFS(포지션!$G$5:$G$20,포지션!$B$5:$B$20,"환") | E8: =SUMIFS(포지션!$M$5:$M$20,포지션!$B$5:$B$20,"환") | F8: =SUMIFS(포지션!$N$5:$N$20,포지션!$B$5:$B$20,"환")
A9: 합계 | B9: =B6+B7 | C9: =C6+C7 | D9: =D6+D7 | E9: =SUM(E6:E8) | F9: =SUM(F6:F8)
A11: 전략별 (롱 금액 기준, 환 제외)
A12: 전략 | B12: 롱 금액(억원) | C12: 비중 | D12: 목표 배분(가정)
A13: 마켓타이밍 | B13: =SUMIFS(포지션!$F$5:$F$20,포지션!$C$5:$C$20,"마켓타이밍",포지션!$B$5:$B$20,"<>환") | C13: =IF($B$18=0,0,B13/$B$18) | D13: 0.3
A14: 상대가치 | B14: =SUMIFS(포지션!$F$5:$F$20,포지션!$C$5:$C$20,"상대가치",포지션!$B$5:$B$20,"<>환") | C14: =IF($B$18=0,0,B14/$B$18) | D14: 0.45
A15: 이벤트 드리븐 | B15: =SUMIFS(포지션!$F$5:$F$20,포지션!$C$5:$C$20,"이벤트 드리븐",포지션!$B$5:$B$20,"<>환") | C15: =IF($B$18=0,0,B15/$B$18) | D15: 0.25
A16: 자금기반 Arbitrage | B16: =SUMIFS(포지션!$F$5:$F$20,포지션!$C$5:$C$20,"자금기반 Arbitrage",포지션!$B$5:$B$20,"<>환") | C16: =IF($B$18=0,0,B16/$B$18) | D16: 목표 외
A17: 위탁 대용 | B17: =SUMIFS(포지션!$F$5:$F$20,포지션!$C$5:$C$20,"위탁 대용",포지션!$B$5:$B$20,"<>환") | C17: =IF($B$18=0,0,B17/$B$18) | D17: 목표 외
A18: 합계 | B18: =SUM(B13:B17) | C18: =SUM(C13:C17)
A20: 읽는 법: '모든 포지션 목표 도달 시'는 모든 포지션이 목표에 닿았을 때의 상한 시나리오, '전 포지션 손절 시'는 모두 손절됐을 때의 하한 시나리오. 실제 기대 손익은 그 사이이며, 손절 손익 합은 '한도' 시트의 손실한도와 비교한다.

Sheet 포지션
A1: 포지션 — 시스템이 한도·손절을 관리하는 단위
A2: 금액·순베타·순듀레이션·손익은 구성종목에서 수식으로 집계. 환헤지·목표·손절·엔진 칸은 입력값.
A4: 포지션ID | B4: 자산 | C4: 전략 | D4: 운용 | E4: 포지션명 | F4: 롱 금액(억원) | G4: 숏 금액(억원) | H4: 순노출(억원) | I4: 환헤지 | J4: 순베타 / 순듀레이션 | K4: 목표 | L4: 손절 | M4: 목표 손익(억원) | N4: 손절 손익(억원) | O4: 투자 논리 | P4: 반증 조건·주의 | Q4: 근거 데이터(기준일) | R4: 엔진구분 | S4: 노출통화 | T4: 스프레드 듀레이션 | U4: 스프레드 베타 | V4: 주식 비중(혼합, %)
A5: E1 | B5: 주식 | C5: 마켓타이밍 | D5: 직접 | E5: 삼성전자 롱 | F5: =SUMIFS(구성종목!$M$5:$M$25,구성종목!$B$5:$B$25,A5,구성종목!$G$5:$G$25,"롱") | G5: =SUMIFS(구성종목!$M$5:$M$25,구성종목!$B$5:$B$25,A5,구성종목!$G$5:$G$25,"숏") | H5: =F5-G5 | J5: =IF(F5=0,0,SUMPRODUCT((구성종목!$B$5:$B$25=A5)*구성종목!$O$5:$O$25*구성종목!$P$5:$P$25)/F5) | K5: 0.2 | L5: -0.1 | M5: =F5*K5 | N5: =-F5*ABS(L5) | O5: AI 메모리 사이클·주주환원. KOSPI 급락 구간 분할 진입 | P5: 메모리 가격 하락 전환·외국인 순매도 지속 시 재검토. KOSPI 일간 급변 이력([데이터 확인])으로 변동성 큼 | Q5: KOSPI 1개월 −19.6%, 52주 고점 대비 −39.2% (analytics, 2026-10-20) | R5: equity | S5: KRW
A6: E2 | B6: 주식 | C6: 마켓타이밍 | D6: 직접 | E6: SK하이닉스 롱 | F6: =SUMIFS(구성종목!$M$5:$M$25,구성종목!$B$5:$B$25,A6,구성종목!$G$5:$G$25,"롱") | G6: =SUMIFS(구성종목!$M$5:$M$25,구성종목!$B$5:$B$25,A6,구성종목!$G$5:$G$25,"숏") | H6: =F6-G6 | J6: =IF(F6=0,0,SUMPRODUCT((구성종목!$B$5:$B$25=A6)*구성종목!$O$5:$O$25*구성종목!$P$5:$P$25)/F6) | K6: 0.2 | L6: -0.1 | M6: =F6*K6 | N6: =-F6*ABS(L6) | O6: AI 메모리(HBM) 이익 레버리지. 지수 급락 후 고베타로 반등 참여 | P6: 베타 1.39 — 하락 지속 시 손실 가장 빠름. 손절 엄수 | Q6: 베타 1.39 (1년, KODEX 200 대비) | R6: equity | S6: KRW
A7: E3 | B7: 주식 | C7: 마켓타이밍 | D7: 직접 | E7: KOSPI200 롱 (KODEX 200) | F7: =SUMIFS(구성종목!$M$5:$M$25,구성종목!$B$5:$B$25,A7,구성종목!$G$5:$G$25,"롱") | G7: =SUMIFS(구성종목!$M$5:$M$25,구성종목!$B$5:$B$25,A7,구성종목!$G$5:$G$25,"숏") | H7: =F7-G7 | J7: =IF(F7=0,0,SUMPRODUCT((구성종목!$B$5:$B$25=A7)*구성종목!$O$5:$O$25*구성종목!$P$5:$P$25)/F7) | K7: 0.12 | L7: -0.08 | M7: =F7*K7 | N7: =-F7*ABS(L7) | O7: 지수 급락 후 평균 회귀 기대. S&P 는 고점 근처라 한국 고유 충격인지 확인하며 분할 | P7: KOSPI−S&P 3개월 −18.1%p 의 원인이 구조적(수급·정책)이면 반등 지연 | Q7: KOSPI−S&P 3개월 −18.1%p, VIX 18.4 (analytics, 10-19/20) | R7: equity | S7: KRW
A8: P1 | B8: 주식 | C8: 상대가치 | D8: 직접 | E8: 은행 밸류업 페어 (KB·신한 롱 / KOSPI200 선물 숏) | F8: =SUMIFS(구성종목!$M$5:$M$25,구성종목!$B$5:$B$25,A8,구성종목!$G$5:$G$25,"롱") | G8: =SUMIFS(구성종목!$M$5:$M$25,구성종목!$B$5:$B$25,A8,구성종목!$G$5:$G$25,"숏") | H8: =F8-G8 | J8: =IF(F8=0,0,SUMPRODUCT((구성종목!$B$5:$B$25=A8)*구성종목!$O$5:$O$25*구성종목!$P$5:$P$25)/F8) | K8: 0.1 | L8: -0.05 | M8: =F8*K8 | N8: =-F8*ABS(L8) | O8: 저베타(0.19~0.26) 은행주의 주주환원 알파만 남기고 시장 위험은 선물로 제거 | P8: 베타 추정 오차(상관 0.3~0.4로 낮음) — 헤지가 정확하지 않을 수 있음 | Q8: 베타 KB 0.26·신한 0.19, 상관 0.4/0.3 (1년) | R8: equity | S8: KRW
A9: P2 | B9: 주식 | C9: 상대가치 | D9: 직접 | E9: 삼성전자 보통/우선 페어 (보통 롱 / 우선 숏) | F9: =SUMIFS(구성종목!$M$5:$M$25,구성종목!$B$5:$B$25,A9,구성종목!$G$5:$G$25,"롱") | G9: =SUMIFS(구성종목!$M$5:$M$25,구성종목!$B$5:$B$25,A9,구성종목!$G$5:$G$25,"숏") | H9: =F9-G9 | J9: =IF(F9=0,0,SUMPRODUCT((구성종목!$B$5:$B$25=A9)*구성종목!$O$5:$O$25*구성종목!$P$5:$P$25)/F9) | K9: 0.08 | L9: -0.05 | M9: =F9*K9 | N9: =-F9*ABS(L9) | O9: 우선주/보통주 가격비가 1년 범위 최상단 → 우선주 할인 재확대(가격비 평균 회귀)에 베팅 | P9: 주주환원 정책으로 우선주 재평가가 구조적이면 가격비 고착. 우선주 대차 가능 물량 확인 | Q9: 가격비 0.784, 1년 백분위 98%·z +1.60, 1년 평균 0.715 (yfinance, 10-20) | R9: equity | S9: KRW
A10: P3 | B10: 주식 | C10: 상대가치 | D10: 직접 | E10: 현대차/기아 페어 (현대차 롱 / 기아 숏) | F10: =SUMIFS(구성종목!$M$5:$M$25,구성종목!$B$5:$B$25,A10,구성종목!$G$5:$G$25,"롱") | G10: =SUMIFS(구성종목!$M$5:$M$25,구성종목!$B$5:$B$25,A10,구성종목!$G$5:$G$25,"숏") | H10: =F10-G10 | J10: =IF(F10=0,0,SUMPRODUCT((구성종목!$B$5:$B$25=A10)*구성종목!$O$5:$O$25*구성종목!$P$5:$P$25)/F10) | K10: 0.1 | L10: -0.05 | M10: =F10*K10 | N10: =-F10*ABS(L10) | O10: 가격비가 1년 평균 아래 — 평균 회귀 기대. 신호가 약해 소규모 | P10: 가격비 1년 범위가 넓음(2.23~4.39) — 약한 신호 | Q10: 가격비 2.758, 1년 백분위 23%·z −0.67 (yfinance, 10-20) | R10: equity | S10: KRW
A11: E8 | B11: 주식 | C11: 이벤트 드리븐 | D11: 직접 | E11: 미국 중간선거 후 S&P500 롱 (SPY, 환헤지) | F11: =SUMIFS(구성종목!$M$5:$M$25,구성종목!$B$5:$B$25,A11,구성종목!$G$5:$G$25,"롱") | G11: =SUMIFS(구성종목!$M$5:$M$25,구성종목!$B$5:$B$25,A11,구성종목!$G$5:$G$25,"숏") | H11: =F11-G11 | I11: 1 | J11: =IF(F11=0,0,SUMPRODUCT((구성종목!$B$5:$B$25=A11)*구성종목!$O$5:$O$25*구성종목!$P$5:$P$25)/F11) | K11: 0.1 | L11: -0.05 | M11: =F11*K11 | N11: =-F11*ABS(L11) | O11: 중간선거(2026-11-03) 후 12개월 계절성. 환헤지로 주가 요인만 | P11: S&P 가 52주 고점 근처(−1.6%) — 선거 전 선반영 가능 | Q11: SPY 52주 고점 대비 −1.6% (yfinance, 10-19) | R11: equity | S11: USD
A12: E9 | B12: 주식 | C12: 이벤트 드리븐 | D12: 직접 | E12: 연말 배당 시즌 고배당 ETF | F12: =SUMIFS(구성종목!$M$5:$M$25,구성종목!$B$5:$B$25,A12,구성종목!$G$5:$G$25,"롱") | G12: =SUMIFS(구성종목!$M$5:$M$25,구성종목!$B$5:$B$25,A12,구성종목!$G$5:$G$25,"숏") | H12: =F12-G12 | J12: =IF(F12=0,0,SUMPRODUCT((구성종목!$B$5:$B$25=A12)*구성종목!$O$5:$O$25*구성종목!$P$5:$P$25)/F12) | K12: 0.08 | L12: -0.05 | M12: =F12*K12 | N12: =-F12*ABS(L12) | O12: 12월 결산 배당 전후 고배당주 수급 + 저베타(0.31)로 하락장 방어 | P12: 배당기준일 이후 하락(배당락) 전 청산 계획 필요 | Q12: 베타 0.31 (1년) | R12: equity | S12: KRW
A13: B1 | B13: 채권 | C13: 마켓타이밍 | D13: 직접 | E13: 미국채 7-10년 롱 (IEF, 환헤지) | F13: =SUMIFS(구성종목!$M$5:$M$25,구성종목!$B$5:$B$25,A13,구성종목!$G$5:$G$25,"롱") | G13: =SUMIFS(구성종목!$M$5:$M$25,구성종목!$B$5:$B$25,A13,구성종목!$G$5:$G$25,"숏") | H13: =F13-G13 | I13: 1 | J13: =IF(F13=0,0,SUMPRODUCT((구성종목!$B$5:$B$25=A13)*구성종목!$O$5:$O$25*구성종목!$Q$5:$Q$25)/F13) | K13: 0.05 | L13: -0.02 | M13: =F13*K13 | N13: =-F13*ABS(L13) | O13: 미국채 10년 금리 역사적 상단 — 인하 재개 시 하락 여지. 환헤지로 금리 요인만 | P13: 실질금리 상승(재정·기간프리미엄) 지속 시 손실. 헤지비용 미반영 | Q13: 미국채 10년 5.09%·5년 백분위 99%, 실질금리 2.74%·99% (analytics, 10-16/19) | R13: bond | S13: USD | T13: 0 | U13: 0
A14: B2 | B14: 채권 | C14: 상대가치 | D14: 직접 | E14: 한미 10년 금리차 축소 (IEF 롱 / 10년 국채선물 숏) | F14: =SUMIFS(구성종목!$M$5:$M$25,구성종목!$B$5:$B$25,A14,구성종목!$G$5:$G$25,"롱") | G14: =SUMIFS(구성종목!$M$5:$M$25,구성종목!$B$5:$B$25,A14,구성종목!$G$5:$G$25,"숏") | H14: =F14-G14 | I14: 1 | J14: =IF(F14=0,0,SUMPRODUCT((구성종목!$B$5:$B$25=A14)*구성종목!$O$5:$O$25*구성종목!$Q$5:$Q$25)/F14) | K14: 0.03 | L14: -0.015 | M14: =F14*K14 | N14: =-F14*ABS(L14) | O14: 국고채 대비 해외 금리차 확대 → 축소 베팅. 듀레이션 중립 | P14: 한국 금리 하락(인하 기대)이 더 커지면 차이 확대 지속 | Q14: 한미 10년 금리차 −88.5bp, 3개월 −63bp 확대 (analytics, 10-19) | R14: bond | S14: USD | T14: 0 | U14: 0
A15: B3 | B15: 채권 | C15: 이벤트 드리븐 | D15: 직접 | E15: 연초 효과 국내 크레딧 (AA- 이상 액티브 ETF) | F15: =SUMIFS(구성종목!$M$5:$M$25,구성종목!$B$5:$B$25,A15,구성종목!$G$5:$G$25,"롱") | G15: =SUMIFS(구성종목!$M$5:$M$25,구성종목!$B$5:$B$25,A15,구성종목!$G$5:$G$25,"숏") | H15: =F15-G15 | J15: =IF(F15=0,0,SUMPRODUCT((구성종목!$B$5:$B$25=A15)*구성종목!$O$5:$O$25*구성종목!$Q$5:$Q$25)/F15) | K15: 0.03 | L15: -0.01 | M15: =F15*K15 | N15: =-F15*ABS(L15) | O15: 12월 북클로징으로 벌어진 크레딧 스프레드를 연초에 회수 | P15: 신용 사건으로 스프레드 확대 시 연초 효과 무력화 | Q15: AA- 스프레드 68.3bp, 5년 백분위 58% (analytics, 10-19) | R15: bond | S15: KRW | T15: 3 | U15: 0.5
A16: B4 | B16: 채권 | C16: 이벤트 드리븐 | D16: 직접 | E16: 연초 효과 미국 IG 회사채 (LQD, 환헤지) | F16: =SUMIFS(구성종목!$M$5:$M$25,구성종목!$B$5:$B$25,A16,구성종목!$G$5:$G$25,"롱") | G16: =SUMIFS(구성종목!$M$5:$M$25,구성종목!$B$5:$B$25,A16,구성종목!$G$5:$G$25,"숏") | H16: =F16-G16 | I16: 1 | J16: =IF(F16=0,0,SUMPRODUCT((구성종목!$B$5:$B$25=A16)*구성종목!$O$5:$O$25*구성종목!$Q$5:$Q$25)/F16) | K16: 0.03 | L16: -0.015 | M16: =F16*K16 | N16: =-F16*ABS(L16) | O16: IG 유효수익률이 3년 창 상단 — 연초 스프레드 축소와 금리 레벨 동시 활용 | P16: OAS 백분위 창이 3년뿐 — 장기 비교 불가 | Q16: 미국 IG 유효수익률 5.86%(3년 창 95%), OAS 85bp (analytics, 10-16) | R16: bond | S16: USD | T16: 8.3 | U16: 1
A17: B5 | B17: 채권 | C17: 자금기반 Arbitrage | D17: 직접 | E17: 전환사채 롱 (CWB, 환헤지) — CB·BW 대용 | F17: =SUMIFS(구성종목!$M$5:$M$25,구성종목!$B$5:$B$25,A17,구성종목!$G$5:$G$25,"롱") | G17: =SUMIFS(구성종목!$M$5:$M$25,구성종목!$B$5:$B$25,A17,구성종목!$G$5:$G$25,"숏") | H17: =F17-G17 | I17: 1 | J17: =IF(F17=0,0,SUMPRODUCT((구성종목!$B$5:$B$25=A17)*구성종목!$O$5:$O$25*구성종목!$P$5:$P$25)/F17) | K17: 0.06 | L17: -0.03 | M17: =F17*K17 | N17: =-F17*ABS(L17) | O17: CB·BW 로 하단 방어 + 전환권 가치. 개별 CB 대신 실존 ETF 로 대용 | P17: 델타 헤지(주식 대차 매도) 미적용 — 주식 하락에 노출 | Q17: CWB 52주 고점 대비 −13.4% (yfinance, 10-19) | R17: mixed | S17: USD | T17: 2.5 | U17: 2 | V17: 50
A18: B6 | B18: 채권 | C18: 위탁 대용 | D18: 위탁 대용 | E18: EM 로컬통화 국채 (EMLC) — EM 로컬채권 위탁 대용 | F18: =SUMIFS(구성종목!$M$5:$M$25,구성종목!$B$5:$B$25,A18,구성종목!$G$5:$G$25,"롱") | G18: =SUMIFS(구성종목!$M$5:$M$25,구성종목!$B$5:$B$25,A18,구성종목!$G$5:$G$25,"숏") | H18: =F18-G18 | I18: 1 | J18: =IF(F18=0,0,SUMPRODUCT((구성종목!$B$5:$B$25=A18)*구성종목!$O$5:$O$25*구성종목!$Q$5:$Q$25)/F18) | K18: 0.06 | L18: -0.04 | M18: =F18*K18 | N18: =-F18*ABS(L18) | O18: 위탁 후보(EM 로컬채권) — 운용사 선정 전 실존 ETF 로 대용. 달러/원은 헤지 | P18: EM 통화 약세 시 손실(달러/원 헤지와 별개) | Q18: EMLC 52주 고점 대비 −2.9% (yfinance, 10-19) | R18: bond | S18: USD | T18: 5 | U18: 2
A19: F1 | B19: 환 | C19: 마켓타이밍 | D19: 직접 | E19: 달러 롱 / 원화 숏 (미국달러선물) | F19: =SUMIFS(구성종목!$M$5:$M$25,구성종목!$B$5:$B$25,A19,구성종목!$G$5:$G$25,"롱") | G19: =SUMIFS(구성종목!$M$5:$M$25,구성종목!$B$5:$B$25,A19,구성종목!$G$5:$G$25,"숏") | H19: =F19-G19 | K19: ='가정·출처'!$B$11/'가정·출처'!$B$5-1 | L19: ='가정·출처'!$B$12/'가정·출처'!$B$5-1 | M19: =F19*K19 | N19: =-F19*ABS(L19) | O19: 원화 강세 과도 → 달러 롱. 목표 1,400원 · 손절 1,290원 | P19: 원화 강세 추세 지속(1년 z −2.35) — 추세 국면에서 극단은 더 극단으로 갈 수 있음 | Q19: USD/KRW 1,326.6, 52주 고점 대비 −14.6%, 1년 z −2.35 (analytics, 10-20) | R19: fx | S19: USD
A20: F2 | B20: 환 | C20: 상대가치 | D20: 직접 | E20: 엔 롱 / 원 숏 (엔선물) | F20: =SUMIFS(구성종목!$M$5:$M$25,구성종목!$B$5:$B$25,A20,구성종목!$G$5:$G$25,"롱") | G20: =SUMIFS(구성종목!$M$5:$M$25,구성종목!$B$5:$B$25,A20,구성종목!$G$5:$G$25,"숏") | H20: =F20-G20 | K20: 0.08 | L20: -0.04 | M20: =F20*K20 | N20: =-F20*ABS(L20) | O20: 엔 실질실효환율 저평가·BOJ 정상화 vs 원화 강세 선반영 → 수렴 | P20: 엔/원 1년 −11% 추세 — 떨어지는 칼. 손절 엄수 | Q20: 엔/원 100엔당 837원 = 5년 최저(백분위 0%) (yfinance, 10-20) | R20: fx | S20: JPY
E21: 합계 | F21: =SUM(F5:F20) | G21: =SUM(G5:G20) | H21: =SUM(H5:H20) | M21: =SUM(M5:M20) | N21: =SUM(N5:N20)

Sheet 구성종목
A1: 구성종목 — 실제 보유 단위(수량은 입력값)
A2: 수량·진입가·환율·승수·베타·듀레이션은 입력값(파란 글씨). 금액은 수식. 선물은 계약 수, 주식·ETF 는 주 수.
A4: 행ID | B4: 포지션ID | C4: 상품명 | D4: 코드 | E4: 시장 | F4: 가격통화 | G4: 방향 | H4: 계획 금액(억원) | I4: 진입가 | J4: 진입 환율 | K4: 승수 | L4: 수량(주·계약) | M4: 편입 금액(억원) | N4: 부호 | O4: 순노출(억원) | P4: 베타(1년, KODEX200 대비) | Q4: 듀레이션 | R4: 비고
A5: E1-1 | B5: E1 | C5: 삼성전자 | D5: 005930 | E5: KRX 유가증권 | F5: KRW | G5: 롱 | H5: 250 | I5: 211500 | J5: 1 | K5: 1 | L5: 118203 | M5: =L5*I5*J5*K5/100000000 | N5: =IF(G5="숏",-1,1) | O5: =M5*N5 | P5: 1.19
A6: E2-1 | B6: E2 | C6: SK하이닉스 | D6: 000660 | E6: KRX 유가증권 | F6: KRW | G6: 롱 | H6: 150 | I6: 1223000 | J6: 1 | K6: 1 | L6: 12265 | M6: =L6*I6*J6*K6/100000000 | N6: =IF(G6="숏",-1,1) | O6: =M6*N6 | P6: 1.39
A7: E3-1 | B7: E3 | C7: KODEX 200 | D7: 069500 | E7: KRX ETF | F7: KRW | G7: 롱 | H7: 300 | I7: 86755 | J7: 1 | K7: 1 | L7: 345801 | M7: =L7*I7*J7*K7/100000000 | N7: =IF(G7="숏",-1,1) | O7: =M7*N7 | P7: 1 | R7: KOSPI200 추종
A8: P1-1 | B8: P1 | C8: KB금융 | D8: 105560 | E8: KRX 유가증권 | F8: KRW | G8: 롱 | H8: 250 | I8: 160900 | J8: 1 | K8: 1 | L8: 155376 | M8: =L8*I8*J8*K8/100000000 | N8: =IF(G8="숏",-1,1) | O8: =M8*N8 | P8: 0.26
A9: P1-2 | B9: P1 | C9: 신한지주 | D9: 055550 | E9: KRX 유가증권 | F9: KRW | G9: 롱 | H9: 250 | I9: 91800 | J9: 1 | K9: 1 | L9: 272331 | M9: =L9*I9*J9*K9/100000000 | N9: =IF(G9="숏",-1,1) | O9: =M9*N9 | P9: 0.19
A10: P1-3 | B10: P1 | C10: KOSPI200 선물 2026년 12월물 | D10: KOSPI200 F 2612 | E10: KRX 파생 | F10: KRW | G10: 숏 | H10: 112.5 | I10: 858.78 | J10: 1 | K10: 250000 | L10: 52 | M10: =L10*I10*J10*K10/100000000 | N10: =IF(G10="숏",-1,1) | O10: =M10*N10 | P10: 1 | R10: 베타 중립: KB 250×0.26 + 신한 250×0.19 = 112억. 진입가는 지수 현물(베이시스 무시)
A11: P2-1 | B11: P2 | C11: 삼성전자 | D11: 005930 | E11: KRX 유가증권 | F11: KRW | G11: 롱 | H11: 250 | I11: 211500 | J11: 1 | K11: 1 | L11: 118203 | M11: =L11*I11*J11*K11/100000000 | N11: =IF(G11="숏",-1,1) | O11: =M11*N11 | P11: 1.19
A12: P2-2 | B12: P2 | C12: 삼성전자우 | D12: 005935 | E12: KRX 유가증권 | F12: KRW | G12: 숏 | H12: 250 | I12: 165900 | J12: 1 | K12: 1 | L12: 150693 | M12: =L12*I12*J12*K12/100000000 | N12: =IF(G12="숏",-1,1) | O12: =M12*N12 | P12: 1.11 | R12: 대차 매도, 금액 중립
A13: P3-1 | B13: P3 | C13: 현대차 | D13: 005380 | E13: KRX 유가증권 | F13: KRW | G13: 롱 | H13: 200 | I13: 310000 | J13: 1 | K13: 1 | L13: 64516 | M13: =L13*I13*J13*K13/100000000 | N13: =IF(G13="숏",-1,1) | O13: =M13*N13 | P13: 0.7
A14: P3-2 | B14: P3 | C14: 기아 | D14: 000270 | E14: KRX 유가증권 | F14: KRW | G14: 숏 | H14: 200 | I14: 112400 | J14: 1 | K14: 1 | L14: 177936 | M14: =L14*I14*J14*K14/100000000 | N14: =IF(G14="숏",-1,1) | O14: =M14*N14 | P14: 0.56 | R14: 대차 매도, 금액 중립
A15: E8-1 | B15: E8 | C15: SPDR S&P 500 ETF Trust | D15: SPY | E15: NYSE Arca | F15: USD | G15: 롱 | H15: 200 | I15: 766.48 | J15: ='가정·출처'!$B$5 | K15: 1 | L15: 19669 | M15: =L15*I15*J15*K15/100000000 | N15: =IF(G15="숏",-1,1) | O15: =M15*N15 | P15: 1 | R15: 베타는 국내 주식 충격 동일 적용 가정
A16: E9-1 | B16: E9 | C16: ARIRANG 고배당주 | D16: 161510 | E16: KRX ETF | F16: KRW | G16: 롱 | H16: 150 | I16: 23275 | J16: 1 | K16: 1 | L16: 644468 | M16: =L16*I16*J16*K16/100000000 | N16: =IF(G16="숏",-1,1) | O16: =M16*N16 | P16: 0.31
A17: B1-1 | B17: B1 | C17: iShares 7-10 Year Treasury Bond ETF | D17: IEF | E17: NASDAQ | F17: USD | G17: 롱 | H17: 500 | I17: 90.08 | J17: ='가정·출처'!$B$5 | K17: 1 | L17: 418413 | M17: =L17*I17*J17*K17/100000000 | N17: =IF(G17="숏",-1,1) | O17: =M17*N17 | Q17: 7.1 | R17: 듀레이션 가정(공시 확인)
A18: B2-1 | B18: B2 | C18: iShares 7-10 Year Treasury Bond ETF | D18: IEF | E18: NASDAQ | F18: USD | G18: 롱 | H18: 1200 | I18: 90.08 | J18: ='가정·출처'!$B$5 | K18: 1 | L18: 1004191 | M18: =L18*I18*J18*K18/100000000 | N18: =IF(G18="숏",-1,1) | O18: =M18*N18 | Q18: 7.1
A19: B2-2 | B19: B2 | C19: 10년 국채선물 2026년 12월물 | D19: LKTB F 2612 | E19: KRX 파생 | F19: KRW | G19: 숏 | H19: 1078.5 | I19: 106.44 | J19: 1 | K19: 1000000 | L19: 1013 | M19: =L19*I19*J19*K19/100000000 | N19: =IF(G19="숏",-1,1) | O19: =M19*N19 | Q19: 7.9 | R19: 듀레이션 중립: 1,200×7.1/7.9 = 1078억. 진입가는 국고10y 4.205%(2026-10-19) 기준 표면 5% 10년물 이론가
A20: B3-1 | B20: B3 | C20: KODEX 종합채권(AA-이상)액티브 | D20: 273130 | E20: KRX ETF | F20: KRW | G20: 롱 | H20: 400 | I20: 111605 | J20: 1 | K20: 1 | L20: 358407 | M20: =L20*I20*J20*K20/100000000 | N20: =IF(G20="숏",-1,1) | O20: =M20*N20 | Q20: 4.5 | R20: 듀레이션 가정(공시 확인)
A21: B4-1 | B21: B4 | C21: iShares iBoxx $ Investment Grade Corporate Bond ETF | D21: LQD | E21: NYSE Arca | F21: USD | G21: 롱 | H21: 400 | I21: 102.88 | J21: ='가정·출처'!$B$5 | K21: 1 | L21: 293084 | M21: =L21*I21*J21*K21/100000000 | N21: =IF(G21="숏",-1,1) | O21: =M21*N21 | Q21: 8.3 | R21: 듀레이션 가정(공시 확인)
A22: B5-1 | B22: B5 | C22: SPDR Bloomberg Convertible Securities ETF | D22: CWB | E22: NYSE Arca | F22: USD | G22: 롱 | H22: 200 | I22: 95.35 | J22: ='가정·출처'!$B$5 | K22: 1 | L22: 158115 | M22: =L22*I22*J22*K22/100000000 | N22: =IF(G22="숏",-1,1) | O22: =M22*N22 | P22: 0.5 | Q22: 2.5 | R22: 주식 델타 50%·채권 듀레이션 2.5 가정
A23: B6-1 | B23: B6 | C23: VanEck J.P. Morgan EM Local Currency Bond ETF | D23: EMLC | E23: NYSE Arca | F23: USD | G23: 롱 | H23: 300 | I23: 24.9 | J23: ='가정·출처'!$B$5 | K23: 1 | L23: 908208 | M23: =L23*I23*J23*K23/100000000 | N23: =IF(G23="숏",-1,1) | O23: =M23*N23 | Q23: 5 | R23: 듀레이션 가정(공시 확인). EM 통화 위험 내재
A24: F1-1 | B24: F1 | C24: 미국달러선물 최근월물 | D24: USD F | E24: KRX 파생 | F24: KRW | G24: 롱 | H24: 500 | I24: 1326.59 | J24: 1 | K24: 10000 | L24: 3769 | M24: =L24*I24*J24*K24/100000000 | N24: =IF(G24="숏",-1,1) | O24: =M24*N24 | R24: 계약 US$10,000, 진입가는 현물(베이시스 무시)
A25: F2-1 | B25: F2 | C25: 엔선물 최근월물 | D25: JPY F | E25: KRX 파생 | F25: KRW | G25: 롱 | H25: 400 | I25: 837.1 | J25: 1 | K25: 10000 | L25: 4778 | M25: =L25*I25*J25*K25/100000000 | N25: =IF(G25="숏",-1,1) | O25: =M25*N25 | R25: 계약 ¥1,000,000, 호가 100엔당 원, 진입가는 현물

Sheet 한도(체험용 가안)
A1: 손실한도 — 체험용 가안 (투자위 확정 전)
A2: 전체 → 자산별 → 포지션 손절 3단 구조의 시험값(가정). 자산별 합 ≤ 전체, 자산별 손절 예산 합 ≤ 자산 한도가 되도록 설정.
A4: 구분 | B4: 한도(억원) | C4: 손절 예산 합(억원) | D4: 손절 예산/한도 | E4: 점검
A5: 전체 | B5: 300 | C5: =SUM(C6:C8) | D5: =IF(B5=0,0,C5/B5) | E5: =IF(SUM(B6:B8)<=B5,"자산별 한도 합 ≤ 전체 — 정상","자산별 한도 합이 전체 초과")
A6: 주식 | B6: 160 | C6: =-SUMIFS(포지션!$N$5:$N$20,포지션!$B$5:$B$20,"주식") | D6: =IF(B6=0,0,C6/B6) | E6: =IF(C6<=B6,"정상","손절 예산이 한도 초과")
A7: 채권 | B7: 80 | C7: =-SUMIFS(포지션!$N$5:$N$20,포지션!$B$5:$B$20,"채권") | D7: =IF(B7=0,0,C7/B7) | E7: =IF(C7<=B7,"정상","손절 예산이 한도 초과")
A8: 환 | B8: 40 | C8: =-SUMIFS(포지션!$N$5:$N$20,포지션!$B$5:$B$20,"환") | D8: =IF(B8=0,0,C8/B8) | E8: =IF(C8<=B8,"정상","손절 예산이 한도 초과")
A10: 근거(가정): 전체 300억 = Active 5,000억의 6%. 주식 160억(2,000억의 8%) · 채권 80억(3,000억의 약 2.7%) · 환 40억(오버레이 한도 1,000억의 4%). 단계 50%(경고)/75%(축소)/100%(중단), 손절 접근 70% 는 시스템 기본값.
A11: 주의: 시스템은 혼합(전환사채 B5)의 손절을 주식·채권 양쪽 예산에 모두 계상하므로 시스템 화면의 주식 손절 예산은 이 표보다 6억 크다.

Sheet 가정·출처
A1: 가정·출처
A2: 파란 글씨 = 입력값(바꿔도 됨) · 검은 글씨 = 수식 · 노란 칸 = 핵심 가정
A4: 항목 | B4: 값 | C4: 출처·설명
A5: USD/KRW 진입 환율 | B5: 1326.59 | C5: yfinance KRW=X, 2026-10-20
A6: 엔/원 진입 (100엔당 원) | B6: 837.1 | C6: yfinance JPYKRW=X ×100, 2026-10-20
A7: 국고 10년 (%) | B7: 4.205 | C7: 금융투자협회 최종호가, 2026-10-19
A8: 10년 국채선물 이론가 | B8: 106.44 | C8: 표면 5%·만기 10년 반기 이표 표준물을 국고10y 로 할인(베이시스 무시)
A9: 10년 국채선물 수정듀레이션 | B9: 7.9 | C9: 위 표준물 기준
A10: IEF 유효듀레이션 (가정) | B10: 7.1 | C10: iShares 공시값으로 확인 필요
A11: 달러선물 목표 환율 | B11: 1400 | C11: 가정 — 진입 대비 약 +5.5%
A12: 달러선물 손절 환율 | B12: 1290 | C12: 가정 — 진입 대비 약 −2.8%
A13: Active 운용 규모 (억원) | B13: 5000 | C13: 가상 설정 — 주식 2,000 · 채권 3,000, 환 오버레이 한도 1,000(명목)
A15: ■ 성격: 시스템을 써 보기 위한 가상 포트(Active 5,000억 가상 설정). 실제 조직·계획·보유와 무관하며 투자·매매 지시가 아님.
A16: ■ 실존 상품만 사용: 국내 상장 주식·ETF, 미국 상장 ETF, KRX 파생(KOSPI200 선물·10년 국채선물·미국달러선물·엔선물). 상장 여부·종목명·가격은 yfinance 로 2026-10-20 에 확인.
A17: ■ 진입가: 국내 2026-10-20 종가, 미국 ETF 2026-10-19 종가. 선물은 현물·이론가로 대신함(베이시스 무시).
A18: ■ 환헤지: 해외 자산은 원칙적으로 환헤지 100%(금리·주가 요인만). 환 위험은 F1·F2 오버레이로만 가져감(오버레이 한도 1,000억, 가정).
A19: ■ 미반영: 헤지비용(스왑포인트)·거래비용·대차 수수료·조달비용의 일별 차감.
A20: ■ 계열사 증권 미편입: 대주주·계열사 발행 증권은 별도 한도·승인 대상이라 제외.
A21: ■ 집중도: 삼성전자 보통주 롱이 E1 250억 + P2 250억(P2 는 우선주 숏으로 일부 상쇄) — STOCK 점검 항목.
A22: ■ 손절·목표: 가정값. 페어·이벤트는 포지션 롱 금액 대비 비율.
A23: ■ 시스템 연동: regime-council 폴더에서 python book.py 실행 → 시가 평가 → data/positions.json 으로 들어가 한도·손절·스트레스·에이전트 보고에 반영.
